2.554138, 0.116932, 0.099718, 0.000000
2.661443, 0.132628, 0.110217, 0.555817
2.766353, 0.124063, 0.055388, 0.585229
2.875123, 0.112770, 0.004513, 0.580000
2.975308, 0.096228, -0.051030, 0.581176
3.083895, 0.091045, -0.057086, 0.618301
3.192929, 0.071631, -0.090022, 0.688758
3.292507, 0.050961, -0.111721, 0.699085
3.393952, 0.047444, -0.114566, 0.701307
3.494289, 0.026275, -0.111819, 0.698693
3.600606, 0.002741, -0.107859, 0.700261
3.706327, -0.017696, -0.105367, 0.725490
3.812071, -0.038151, -0.096300, 0.790196
3.917100, -0.054604, -0.088934, 0.805882
4.027948, -0.057819, -0.110595, 0.827974
4.139578, -0.057578, -0.100068, 0.812680
4.242685, -0.069549, -0.026960, 0.843791
4.349625, -0.066401, -0.001207, 0.839869
4.450909, -0.060726, 0.023813, 0.843007
4.555435, -0.043130, 0.037205, 0.846144
4.664650, -0.034403, 0.066969, 0.827451
4.778889, -0.027303, 0.092531, 0.846667
4.888822, -0.014401, 0.107784, 0.821046
4.989470, -0.008610, 0.128281, 0.817647
5.094432, 0.011785, 0.144629, 0.845359
5.193975, 0.022104, 0.159697, 0.839085
5.295080, 0.036821, 0.161785, 0.847451
5.394375, 0.049553, 0.123010, 0.844052
5.495222, 0.051287, 0.138957, 0.852288
5.599247, 0.069650, 0.145420, 0.866144
5.699108, 0.088694, 0.157481, 0.814510
5.802140, 0.091335, 0.141323, 0.818170
5.908449, 0.106728, 0.152486, 0.796732
6.007747, 0.127854, 0.166261, 0.846144
6.131219, 0.133679, 0.154095, 0.861830
6.231663, 0.146095, 0.168230, 0.847320
6.359173, 0.177184, 0.154664, 0.852418
6.460683, 0.182415, 0.175932, 0.856993
6.577606, 0.201191, 0.167416, 0.857516
6.686720, 0.204240, 0.188868, 0.858824
6.783160, 0.240145, 0.197533, 0.894641
6.886325, 0.249345, 0.202051, 0.908235
6.983477, 0.277286, 0.225268, 0.926667
7.097184, 0.295396, 0.194963, 0.934510
7.195526, 0.319929, 0.216373, 0.958039
7.309282, 0.342282, 0.219100, 0.940392
7.409579, 0.351506, 0.247698, 0.938562
7.526955, 0.394677, 0.304072, 0.948497
7.628069, 0.445339, 0.359982, 0.990850
7.717694, 0.496716, 0.402658, 0.985621
7.794568, 0.565101, 0.484118, 1.028889
7.881953, 0.619127, 0.547973, 1.094379
7.974012, 0.698950, 0.628913, 1.145490
8.056862, 0.779179, 0.690732, 1.165882
8.137627, 0.851735, 0.791695, 1.170065
8.202975, 0.943423, 0.842534, 1.214902
8.257058, 1.043380, 0.941227, 1.215294
8.314390, 1.126229, 1.016807, 1.231895
8.364335, 1.213198, 1.035710, 1.258693
8.431565, 1.312753, 1.091259, 1.243922
8.445618, 1.430628, 1.203085, 1.269673
8.464010, 1.530536, 1.319349, 1.236993
8.459191, 1.637804, 1.384376, 1.252288
8.481102, 1.763371, 1.448271, 1.272549
8.453013, 1.875738, 1.546908, 1.234902
8.463887, 1.990969, 1.582402, 1.272418
8.457184, 2.103822, 1.593065, 1.251242
8.463640, 2.212206, 1.604391, 1.268758
8.444104, 2.323947, 1.591265, 1.253725
8.503753, 2.411758, 1.578863, 1.260261
8.486719, 2.518633, 1.539854, 1.265229
8.504170, 2.636507, 1.512926, 1.277124
8.527811, 2.746609, 1.532669, 1.250065
8.544589, 2.845792, 1.552756, 1.249935
8.503037, 2.974275, 1.509668, 1.269804
8.524674, 3.079926, 1.528145, 1.260784
8.523429, 3.185788, 1.539980, 1.251373
8.539199, 3.303993, 1.532309, 1.244183
8.550174, 3.422361, 1.551074, 1.232288
8.555356, 3.528179, 1.574392, 1.247582
8.555007, 3.659331, 1.565436, 1.237908
8.568223, 3.759755, 1.590593, 1.275556
8.580054, 3.882678, 1.585272, 1.253725
8.575554, 3.987248, 1.604272, 1.255686
8.570623, 4.088299, 1.594443, 1.256078
8.534466, 4.215677, 1.576075, 1.253856
8.530451, 4.332797, 1.608500, 1.264967
8.519718, 4.445873, 1.603551, 1.259608
8.511374, 4.560135, 1.597698, 1.251373
8.516120, 4.674133, 1.646143, 1.261307
8.506394, 4.791472, 1.641826, 1.261046
8.489667, 4.912189, 1.647081, 1.273203
8.489672, 5.013135, 1.685698, 1.274641
8.479786, 5.117096, 1.680819, 1.278039
8.455458, 5.242430, 1.680501, 1.280261
8.457090, 5.345012, 1.721267, 1.242353
8.427125, 5.447770, 1.709559, 1.256732
8.415750, 5.549561, 1.758849, 1.263660
8.382459, 5.651607, 1.830146, 1.237778
8.336930, 5.774128, 1.943773, 1.233856
8.278978, 5.863266, 1.997214, 1.277255
8.193913, 5.970934, 2.111255, 1.225882
8.106376, 6.061446, 2.174497, 1.254118
8.026611, 6.150419, 2.327388, 1.235294
7.932991, 6.199636, 2.400580, 1.260261
7.855273, 6.263974, 2.475017, 1.217386
7.735341, 6.314530, 2.646477, 1.239608
7.625403, 6.344176, 2.715469, 1.273725
7.526019, 6.372286, 2.837175, 1.236340
7.420979, 6.377471, 2.903058, 1.250327
7.307396, 6.364817, 3.071984, 1.227582
7.157046, 6.318294, -3.049735, 1.263529
7.034202, 6.298729, -2.939521, 1.227320
6.954058, 6.236425, -2.844678, 1.211373
6.862213, 6.179141, -2.693523, 1.236601
6.765151, 6.074193, -2.517530, 1.258170
6.703451, 5.979544, -2.418798, 1.273725
6.610927, 5.878562, -2.293538, 1.281699
6.557852, 5.768083, -2.239388, 1.253856
6.491648, 5.654308, -2.117981, 1.248758
6.444450, 5.542800, -2.055042, 1.272941
6.414544, 5.446754, -1.992636, 1.270065
6.378283, 5.340079, -1.877507, 1.261830
6.349800, 5.232025, -1.811328, 1.251111
6.324464, 5.104759, -1.748772, 1.270850
6.303064, 4.987949, -1.686585, 1.262614
6.300598, 4.885918, -1.686216, 1.263660
6.296842, 4.783136, -1.635303, 1.267712
6.299892, 4.641932, -1.600143, 1.251242
6.291859, 4.541696, -1.585107, 1.267974
6.306244, 4.430442, -1.561950, 1.265098
6.300075, 4.299484, -1.526139, 1.251895
6.291211, 4.172772, -1.546577, 1.277255
6.295812, 4.042995, -1.606382, 1.260261
6.289810, 3.931680, -1.646760, 1.245882
6.260755, 3.814754, -1.689889, 1.262484
6.217711, 3.720968, -1.747500, 1.258693
6.171917, 3.619118, -1.804843, 1.229281
6.126470, 3.518936, -1.852595, 1.247712
6.053220, 3.409335, -1.960733, 1.255425
5.989743, 3.322371, -2.025660, 1.282353
5.892318, 3.228937, -2.157590, 1.264183
5.809277, 3.153024, -2.232510, 1.273464
5.724001, 3.081126, -2.312656, 1.274902
5.636360, 3.028071, -2.439561, 1.267451
5.518998, 2.959246, -2.522228, 1.248366
5.389882, 2.912001, -2.665955, 1.279085
5.285913, 2.886153, -2.742279, 1.269412
5.177990, 2.878234, -2.824528, 1.257255
5.054645, 2.839718, -2.834643, 1.280392
4.961567, 2.800499, -2.840301, 1.282484
4.860793, 2.785881, -2.837205, 1.288497
4.702366, 2.762709, -2.827916, 1.287712
4.546134, 2.723331, -2.828547, 1.284967
4.433141, 2.687730, -2.829234, 1.290458
4.306625, 2.641229, -2.832227, 1.263529
4.204197, 2.621686, -2.804687, 1.286928
4.089429, 2.582250, -2.806373, 1.260915
3.979207, 2.551059, -2.802184, 1.250065
3.868642, 2.526209, -2.803760, 1.259869
3.765986, 2.492745, -2.811941, 1.273725
3.642586, 2.450929, -2.839358, 1.266275
3.525671, 2.416398, -2.850485, 1.238170
3.410550, 2.396137, -2.864211, 1.265752
3.289424, 2.381580, -2.892692, 1.196863
3.185192, 2.377835, -2.910459, 1.222484
3.077886, 2.357631, -2.948639, 1.236863
2.969331, 2.340852, -2.999620, 1.236732
2.854357, 2.349178, -3.024215, 1.244314
2.749187, 2.345268, -3.062273, 1.269804
2.643331, 2.356853, -3.112147, 1.271242
2.525508, 2.361486, -3.137284, 1.260392
2.411562, 2.364430, -3.135505, 1.262484
2.301918, 2.365895, -3.131315, 1.267320
2.183276, 2.367734, -3.125921, 1.248105
2.080188, 2.366515, -3.123670, 1.231765
1.961095, 2.361201, -3.120499, 1.246405
1.827752, 2.363822, -3.116505, 1.248889
1.714422, 2.362549, -3.110554, 1.243660
1.613374, 2.370899, -3.100448, 1.252680
1.513558, 2.360806, -3.068822, 1.254641
1.402051, 2.364246, -3.051394, 1.243922
1.285032, 2.348395, -3.049799, 1.222222
1.185156, 2.332786, -3.047265, 1.243399
1.067878, 2.331270, -3.039887, 1.232549
0.955885, 2.322351, -3.032419, 1.251242
0.838591, 2.307731, -3.030998, 1.247190
0.703374, 2.301626, -3.016965, 1.242876
0.601097, 2.286859, -3.011957, 1.252680
0.491700, 2.275616, -3.005893, 1.274248
0.387774, 2.261828, -2.995398, 1.250588
0.277871, 2.251218, -2.990955, 1.245621
0.159815, 2.235780, -2.998905, 1.268497
0.051038, 2.232651, -3.030541, 1.266013
-0.055311, 2.231181, -3.028274, 1.265359
-0.160018, 2.220721, -3.030827, 1.244183
-0.272433, 2.208772, -3.036589, 1.249542
-0.402707, 2.196563, -3.091900, 1.241569
-0.506619, 2.201377, -3.090271, 1.248497
-0.618905, 2.200207, -3.092748, 1.240392
-0.732165, 2.209603, -3.134718, 1.238824
-0.843021, 2.223488, 3.096128, 1.228758
-0.950527, 2.236451, 3.095649, 1.247451
-1.055199, 2.252823, 3.054736, 1.248758
-1.183498, 2.279482, 3.005593, 1.248497
-1.293942, 2.311928, 2.973571, 1.251373
-1.424604, 2.345665, 2.962407, 1.233072
-1.533900, 2.369984, 2.993636, 1.248235
-1.636913, 2.382011, 2.984906, 1.243660
-1.740097, 2.397327, 2.969964, 1.247974
-1.843793, 2.411739, 2.965657, 1.250850
-1.947680, 2.431468, 3.013485, 1.248627
-2.054084, 2.445061, 3.013166, 1.251503
-2.175580, 2.468156, 3.012148, 1.242484
-2.281711, 2.479112, 3.006659, 1.247320
-2.411571, 2.498988, 3.013618, 1.266275
-2.536614, 2.504960, 3.020602, 1.264183
-2.659354, 2.532253, 3.014103, 1.257255
-2.774060, 2.540470, 3.012714, 1.240654
-2.885130, 2.550141, 3.068327, 1.246667
-3.000650, 2.536750, 3.067438, 1.221699
-3.116856, 2.538978, -3.051671, 1.221569
-3.220830, 2.513057, -2.978664, 1.241569
-3.317001, 2.467004, -2.893211, 1.242353
-3.423895, 2.392090, -2.702290, 1.261307
-3.508845, 2.318469, -2.588715, 1.246536
-3.573233, 2.226083, -2.470034, 1.254641
-3.637967, 2.140378, -2.378563, 1.254118
-3.667247, 2.020107, -2.196298, 1.243007
-3.704567, 1.919373, -2.099055, 1.247451
-3.720464, 1.790832, -1.931190, 1.252941
-3.693951, 1.676065, -1.829564, 1.249935
-3.693922, 1.560445, -1.672973, 1.250196
-3.675439, 1.447660, -1.585401, 1.240131
-3.643828, 1.349556, -1.496889, 1.245490
-3.595523, 1.255864, -1.417669, 1.246667
-3.565156, 1.158050, -1.276278, 1.245621
-3.521607, 1.048112, -1.197322, 1.250719
-3.471612, 0.958674, -1.120370, 1.249020
-3.377203, 0.868611, -0.989627, 1.247712
-3.278425, 0.793853, -0.914871, 1.258824
-3.180363, 0.712158, -0.788137, 1.255817
-3.106543, 0.640515, -0.729489, 1.251242
-3.022775, 0.576628, -0.609252, 1.252549
-2.931846, 0.527699, -0.552155, 1.249150
-2.830562, 0.498191, -0.487780, 1.250065
-2.730715, 0.464295, -0.454398, 1.248235
-2.633928, 0.433602, -0.421428, 1.262614
-2.498319, 0.401449, -0.339846, 1.247843
-2.377666, 0.374383, -0.235431, 1.249412
-2.263519, 0.365420, -0.182530, 1.229150
-2.152235, 0.361282, -0.136811, 1.248497
-2.029555, 0.343312, -0.045790, 1.247843
-1.919291, 0.356220, -0.007284, 1.249150
-1.819151, 0.358404, 0.013743, 1.250980
-1.692143, 0.355259, 0.055685, 1.252026
-1.575002, 0.372274, 0.091947, 1.242353
-1.452536, 0.386643, 0.107327, 1.251895
-1.323496, 0.401809, 0.151600, 1.251765
-1.186189, 0.419322, 0.150524, 1.252549
-1.061946, 0.419976, 0.143025, 1.252288
-0.937096, 0.415502, 0.139518, 1.226797
-0.829478, 0.420639, 0.130031, 1.229804
-0.731747, 0.455134, 0.093839, 1.217255
-0.598902, 0.447818, 0.066304, 1.213333
-0.493538, 0.447516, 0.068181, 1.210196
-0.387377, 0.447556, 0.056389, 1.192418
-0.277180, 0.441760, 0.021536, 1.206797
-0.174322, 0.435825, -0.004778, 1.204967
-0.059277, 0.428547, -0.029886, 1.208889
0.045982, 0.419555, -0.044784, 1.192810
0.155421, 0.400475, -0.035865, 1.213464
0.272761, 0.396851, -0.033972, 1.210065
0.372963, 0.404535, -0.028900, 1.189673
0.501895, 0.399461, -0.014060, 1.202614
0.625345, 0.388719, -0.006632, 1.207059
0.740930, 0.388594, -0.001966, 1.193725
0.852309, 0.378433, -0.000705, 1.205490
0.981621, 0.379351, 0.002846, 1.176078
1.086363, 0.379694, 0.005472, 1.188366
1.190029, 0.383863, 0.007881, 1.170327
1.304618, 0.391837, 0.012675, 1.147843
1.430992, 0.395357, 0.013402, 1.171634
1.571666, 0.383746, 0.011243, 1.189935
1.683538, 0.364193, 0.006645, 1.204706
1.817878, 0.343061, -0.014713, 1.173725
1.922478, 0.334042, -0.057599, 1.178562
2.043673, 0.305496, -0.093331, 1.174118
2.143478, 0.279550, -0.091496, 1.170327
2.253649, 0.257598, -0.122774, 1.172549
2.359328, 0.246272, -0.133952, 1.172680
2.477366, 0.233461, -0.125069, 1.172941
2.585273, 0.222565, -0.118173, 1.173333