2.496655, -10.155621, 1.673877, 1.000000
2.430176, -9.512986, 1.711165, 1.000000
2.338718, -8.865715, 1.694857, 1.000000
2.250821, -8.160856, 1.720741, 1.000000
2.148162, -7.481350, 1.894647, 1.000000
1.868744, -6.648928, 2.125259, 1.000000
1.432983, -5.945250, 2.277079, 1.000000
1.062909, -5.511444, 2.371458, 0.916011
0.569510, -5.032882, 2.804415, 0.569891
-0.051727, -4.815098, 2.993625, 0.790991
-0.484783, -4.750548, 3.090309, 0.915037
-1.049537, -4.721560, -3.115696, 1.000000
-1.930244, -4.744373, -3.130356, 1.000000
-2.350057, -4.749090, -3.102902, 1.000000
-2.910347, -4.770779, -3.034857, 0.870952
-3.530823, -4.837258, -2.589938, 0.545303
-4.106979, -5.191816, -2.010639, 0.503146
-4.461536, -5.945250, -1.373401, 0.521292
-4.284258, -6.831644, -0.605545, 0.428439
-3.708102, -7.230521, -0.127542, 0.605373
-2.802804, -7.346615, 0.065212, 0.891100
-1.992509, -7.293699, 0.001539, 1.000000
-1.379727, -7.292756, -0.054771, 0.856269
-0.791560, -7.325003, -0.479983, 0.546731
-0.206846, -7.629399, -1.203622, 0.372062
0.014753, -8.205555, -1.459248, 0.629076
0.135632, -9.284703, -1.536886, 0.954766
0.162733, -10.083592, -1.517870, 1.000000
0.203042, -10.844487, -1.539326, 1.000000
0.218737, -11.343031, -1.496872, 1.000000
0.300984, -12.453585, -1.546243, 1.000000
0.320538, -13.249815, -1.529560, 1.000000
0.361790, -14.249648, -1.510674, 1.000000
0.391470, -14.742709, -1.566655, 1.000000
0.394038, -15.362690, -1.494591, 1.000000
0.467365, -16.323071, -1.148722, 0.811139
0.812507, -17.091653, -0.688924, 0.542277
1.189224, -17.401891, -0.119429, 0.382137
1.743221, -17.468371, 0.394791, 0.441774
2.275057, -17.246772, 0.927295, 0.461438
2.673934, -16.714936, 1.432790, 0.544369
2.784733, -15.917181, 1.543975, 0.815085
2.815404, -14.773922, 1.551360, 1.000000
2.825352, -14.262170, 1.624426, 1.000000
2.790961, -13.621515, 1.674732, 1.000000
2.695935, -12.710533, 1.623560, 1.000000
2.660343, -12.036602, 1.663435, 1.000000
2.613516, -11.532569, 1.643684, 1.000000
2.563135, -10.842576, 1.661457, 1.000000
2.518815, -10.355060, 1.681454, 1.000000
